track_name,track_id,album_id
Some Chords,7nQqukBuClFtuaegbRAdNP,47MVgO7XNmxzoYSJIvqxAG
Sofi Needs a Ladder,2KlnmRIHandZIyEuZF8cZs,47MVgO7XNmxzoYSJIvqxAG
City in Florida,0uWBxatLqMmMRrBBij6y9c,47MVgO7XNmxzoYSJIvqxAG
Bad Selection,4Qrq7tHuWmdc7aFu9WhwW9,47MVgO7XNmxzoYSJIvqxAG
Animal Rights,2DHDdNrGxqVfskQKZ3iTmj,47MVgO7XNmxzoYSJIvqxAG
I Said - Michael Woods Remix,4mzaDfYB2pTvBmS1ocVkEJ,47MVgO7XNmxzoYSJIvqxAG
Right This Second,6XiIRJj7xO62wWQYn7iWPo,47MVgO7XNmxzoYSJIvqxAG
Raise Your Weapon,4opuJhE5VH8Yg8YRnr1m8m,47MVgO7XNmxzoYSJIvqxAG
One Trick Pony,56WVULdTfBLm31VzVHXKeV,47MVgO7XNmxzoYSJIvqxAG
Everything Before,2jH7D9X8ceClU1RBABvTQj,47MVgO7XNmxzoYSJIvqxAG
Ghosts 'n' Stuff,4hoLGu75HMgNzt2QTgfowe,4uKFNr3KNqr4zeLWJfBC66
Raise Your Weapon,4tjzKdP7PiP6njhY6JyJtF,4uKFNr3KNqr4zeLWJfBC66
I Remember,5kv9vZaepfhLvGLY7ZCGCn,4uKFNr3KNqr4zeLWJfBC66
Some Chords,3k0v4xBO1lkzK2ii6sfKQv,4uKFNr3KNqr4zeLWJfBC66
Strobe - Club Edit,07KpFg1TiRmyCWFlIrGJf5,4uKFNr3KNqr4zeLWJfBC66
The Veldt - 8 Minute Edit,3Gypwxzrov1uVkswB7sSSy,4uKFNr3KNqr4zeLWJfBC66
Brazil - 2nd Edit,5CX19RynzN2Izq6JQj862Z,4uKFNr3KNqr4zeLWJfBC66
Aural Psynapse,3xUIgEKYLVZNAvT9umSijn,4uKFNr3KNqr4zeLWJfBC66
Not Exactly,3xNG0ASp2U6XGmQT8BlFK8,4uKFNr3KNqr4zeLWJfBC66
Sofi Needs A Ladder,3MeeG38qCzp15leTP77ePx,4uKFNr3KNqr4zeLWJfBC66
Some Chords - Dillon Francis Remix,1vaERuuvXxH9jJ3TbhZ12L,4uKFNr3KNqr4zeLWJfBC66
Ghosts 'n' Stuff - Chuckie Remix,2sXNZDQYXjAcmriH1fvDK3,4uKFNr3KNqr4zeLWJfBC66
The Veldt (deadmau5 Vs. Eric Prydz Edit),4rHk2tXZ0r8HCKsPLqXQPT,4uKFNr3KNqr4zeLWJfBC66
Maths - Botnek Remix,4aOiOA6b5k81AMmeHEvsnW,4uKFNr3KNqr4zeLWJfBC66
Raise Your Weapon - Madeon Extended Remix,6fZxSrBt0IPIuIlhlUI2da,4uKFNr3KNqr4zeLWJfBC66
Strobe - Michael Woods 2014 Remix,4nPucjNQyWwU9BUtkXO4df,4uKFNr3KNqr4zeLWJfBC66
I Remember - Shiba San Remix,7iKZvpF3lAixdn92pY0tG5,4uKFNr3KNqr4zeLWJfBC66
Raise Your Weapon - Wax Motif Remix,2bd84Af4oy6UWPda8K4nbW,4uKFNr3KNqr4zeLWJfBC66
Sofi Needs A Ladder - Pig&Dan Remix,1QuAY1eYz1Vl0R9ZSvQc81,4uKFNr3KNqr4zeLWJfBC66
Ghosts ‘n’ Stuff - NERO Remix,0iTzJzy5qBL4NaEDyi1HMK,4uKFNr3KNqr4zeLWJfBC66
Raise Your Weapon,5TLzLDXW1DyZvzTsDvRIy3,4uKFNr3KNqr4zeLWJfBC66
Superliminal,0VfKj5AuF9uis7Dn8l7LPv,4zksvtV0HswF5ZRJS9QsfX
Channel 42,205OX0j3oM5tgUHhyGGmSs,4zksvtV0HswF5ZRJS9QsfX
The Veldt - 8 Minute Edit,7oPqRSubaWcDb5F68aw3P6,4zksvtV0HswF5ZRJS9QsfX
Fn Pig,0IQLPV5on0VJptQyAs30If,4zksvtV0HswF5ZRJS9QsfX
Professional Griefers - Vocal Mix,2AqazcPtVXn7uhFIyInNNp,4zksvtV0HswF5ZRJS9QsfX
Maths - Original Mix,0KjChHU68Ey2hAE9KwfEdR,4zksvtV0HswF5ZRJS9QsfX
There might be coffee,6EhZ4KKnDsDt1WECQmqpxh,4zksvtV0HswF5ZRJS9QsfX
Take care of the proper paperwork,40KBfdBdpVXxD1IMWmjPvZ,4zksvtV0HswF5ZRJS9QsfX
Closer,5kdeqGI42raYlxtZmdZCHE,4zksvtV0HswF5ZRJS9QsfX
October,2fcR7PCgVILgovq14wK39g,4zksvtV0HswF5ZRJS9QsfX
Sleepless,781KGu6ckiXdOYmgkzRJ42,4zksvtV0HswF5ZRJS9QsfX
Failbait - Original Mix,67PaghTVpK6ebWYUARQ02y,4zksvtV0HswF5ZRJS9QsfX
Telemiscommunications,284N7w8a1WjvIPfCzeeOWT,4zksvtV0HswF5ZRJS9QsfX
Afterhours,7qsvQRnrKBTH948NgeyMfl,3xp9A0kXzxqUztRASTjVD5
Hey Baby,5T6NjHZkbAPE3sZJAPWCVA,3xp9A0kXzxqUztRASTjVD5
Cocktail Queen,0E6mKBf3PkHl95j8QpFMB7,3xp9A0kXzxqUztRASTjVD5
Something Inside Me,5vjCFM7JLjmwBZlZV0kG4T,3xp9A0kXzxqUztRASTjVD5
Whispers,10Ej2xZnKRSTwb6VFi5bAS,3xp9A0kXzxqUztRASTjVD5
Hey Baby - deadmau5 Mellygasm Remix,4i7sqKHfjJ8S2eXFPcJ0On,3xp9A0kXzxqUztRASTjVD5
Afterhours - deadmau5 Smoothy House Remix,6YBzYp7HfbLtZbmB2Zq04g,3xp9A0kXzxqUztRASTjVD5
Outta My Life - deadmau5 Touch Remix,0ppULK7MiVWNlbAGvaRsBR,7yYix5bdURcdnlmHTaitEz
Mr G,7MwzZjPYw5wJUBpS6Ns6va,7yYix5bdURcdnlmHTaitEz
Reduction,6udiVcpdM64ocfdNl9Bt8L,7yYix5bdURcdnlmHTaitEz
This Is Also The Hook,2oOwGZg7achgo0ZU2FMZCq,7yYix5bdURcdnlmHTaitEz
Orca,4ErkppfwyNLIcGhkYmkN8a,7yYix5bdURcdnlmHTaitEz
Tau V2,683qAflytnzppTkrPdiTNd,7yYix5bdURcdnlmHTaitEz
This Noise,2adsXGgcX5ZtwodRV3LseX,7yYix5bdURcdnlmHTaitEz
R My Dreams,0neX9ScK70pcUmPqhlyqOP,7yYix5bdURcdnlmHTaitEz
Cyclic Redundancy,5lGDv6z5IkIPfyyKr9JRbv,5AzAgASWg9uetYvwOKOLFQ
Apply Overnight,03fEjqLYPTZOox6IXwFL6P,5AzAgASWg9uetYvwOKOLFQ
Plus,3ZqXxuavQczcTX1t359gv8,5AzAgASWg9uetYvwOKOLFQ
Lai,6yl9V2af8NxUCDv6CCnqOp,5AzAgASWg9uetYvwOKOLFQ
TL7,4oorhtijBU6RORW3DqqApM,5AzAgASWg9uetYvwOKOLFQ
Bounce,6N1WTKUPwlfyJP4OOJP8wf,5AzAgASWg9uetYvwOKOLFQ
Full Bloom,1JoMagnANiOC3IfYeIx2nb,5AzAgASWg9uetYvwOKOLFQ
Templar,3vQvyIsrVaM7TBzdwoIZ9e,5AzAgASWg9uetYvwOKOLFQ
Stereo Fidelity,7q6ngpPvSMcVf9nSRKkz2O,5AzAgASWg9uetYvwOKOLFQ
Whispers - deadmau5 Remix,25sYriuqKhmPzSU8Cyi1eA,5AzAgASWg9uetYvwOKOLFQ
I Like Your Music,4XPd6FnhrM4vPNXpwJsGOg,5xjXARHTm4YSmQPDDFZO0W
Point Vanishes,4X2itmXvU04PCneaZROmqD,5xjXARHTm4YSmQPDDFZO0W
Trepid,0BHru0MhAEkNDugjxUy3Ai,5xjXARHTm4YSmQPDDFZO0W
Sex Lies Audiotape - Redux Remix,2gOpk25jnnuXC6C6CZ6Lz3,5xjXARHTm4YSmQPDDFZO0W
Something Inside Me - Electro Remix,6xMcA4BhWWYn0Tc0im53oe,5xjXARHTm4YSmQPDDFZO0W
Tau V1,1ZVHNJaiUNegpjn040DmRH,5xjXARHTm4YSmQPDDFZO0W
GH,5lffEBLZkujJq35S1DTxJJ,5xjXARHTm4YSmQPDDFZO0W
Subvert,4dSvKeEsRET9n0HpTsCztC,5xjXARHTm4YSmQPDDFZO0W
1891,7C4kU6EFodZaS2vnRgGlXH,5xjXARHTm4YSmQPDDFZO0W
Fustercluck,3CZ6Mud4NykTMo1Qjigy97,5xjXARHTm4YSmQPDDFZO0W
Bitter Kitten,6hNrxNBOuifMjc5MOhAurO,7EfWC42oCPkqWKF0E5YCcm
Overdraft,1JIsiXNdK1etlIqP6wnVUX,7EfWC42oCPkqWKF0E5YCcm
Fallen,2gJvg54mUopXG7mCizmrMk,7EfWC42oCPkqWKF0E5YCcm
I Like Your Music - deadmau5 Velvet Remix,0kIo6oT8kfj9h2snOHbr87,7EfWC42oCPkqWKF0E5YCcm
Assorted,0qS2gqAOih5GFU6oxjIIOx,7EfWC42oCPkqWKF0E5YCcm
Afterhours - Electro House Mix,0X5naye3DzZ6j3acJu8JPd,7EfWC42oCPkqWKF0E5YCcm
This Noise - Deeper Logic Mix,1aUT8xkfcs1FIGL5mDuWaN,7EfWC42oCPkqWKF0E5YCcm
All U Ever Want,2sxgUzpRiyOUgGVsxogOul,7EfWC42oCPkqWKF0E5YCcm
Stereo Fidelity - deadmau5 Unorganized Remix,53aHbrvKkVykaPQCZN7aHf,7EfWC42oCPkqWKF0E5YCcm
Outta My Life - deadmau5 Deep Dub Remix,62wKZQX2bp83pCKvbhZhCo,7EfWC42oCPkqWKF0E5YCcm
Random Album Title - Continuous Mix,4KCmImhUtzdD9wtsyfiUlu,0w9IOGzMnFxLzISgcnI11T
For Lack Of A Better Name - Mixed Version,08QXiceIwOreYSi52wkmfS,0w9IOGzMnFxLzISgcnI11T
"Sometimes Things Get, Whatever",34n7CRd4Yqva2fA3Sr2eky,0w9IOGzMnFxLzISgcnI11T
Complications,6NO3qsiHRiGPevxFux1Dr8,0w9IOGzMnFxLzISgcnI11T
Slip,47ymLGjHgZAte21sobIxuS,0w9IOGzMnFxLzISgcnI11T
Some Kind Of Blue,26b8I3fJ9fNTLqGswAAqMZ,0w9IOGzMnFxLzISgcnI11T
Brazil - 2nd Edit,5J6GBLzWJtDBiHq20jZC3m,0w9IOGzMnFxLzISgcnI11T
Alone With You,4xy8fOypLvH8d2Wq0iRTZM,0w9IOGzMnFxLzISgcnI11T
I Remember,1bx4iBvaMkv4AeObSnIWAE,0w9IOGzMnFxLzISgcnI11T
Not Exactly,7nzHZcm3YGRZhOnOm6sk1y,0w9IOGzMnFxLzISgcnI11T
Arguru,0MGgYDoaPHRcy2mdfqzSth,0w9IOGzMnFxLzISgcnI11T
So There I Was,4837ICOWQfNnDySswiDThX,0w9IOGzMnFxLzISgcnI11T
FML,4C1Ow4ubb6Kpu5ISHKFfV1,0w9IOGzMnFxLzISgcnI11T
Moar Ghosts 'n' Stuff,4vcOnWsH3ZVXEmcCHSN8QB,0w9IOGzMnFxLzISgcnI11T
Ghosts 'n' Stuff,3ogKgb8reIWXqqwhvewzkq,0w9IOGzMnFxLzISgcnI11T
Hi Friend - Vocal Mix,35CjjfGzeguTaZBs2a4DtC,0w9IOGzMnFxLzISgcnI11T
Bot,00gCAZR5vEvUrBzQaF3Dcg,0w9IOGzMnFxLzISgcnI11T
Word Problems,1jwBVQlSyptI1CnyHhwm72,0w9IOGzMnFxLzISgcnI11T
Soma,0DJuokJW1DSJInooTqxtsD,0w9IOGzMnFxLzISgcnI11T
Lack Of A Better Name,5tqt2A303E8CH5GxMB3ukn,0w9IOGzMnFxLzISgcnI11T
The 16th Hour,747DuQZoDlCMKl27GtpiBP,0w9IOGzMnFxLzISgcnI11T
Strobe,1dtXQHutjKSKOKvXoXEo2c,0w9IOGzMnFxLzISgcnI11T
Moar Ghosts ‘N’ Stuff,4itqcnGvi07cvMBj0RWbNb,0w9IOGzMnFxLzISgcnI11T
Not Exactly - Live,2AfYrIBdCbOHOOI2hLRHJj,0w9IOGzMnFxLzISgcnI11T
FML,624AQbbtSdfr3moV60Y9bJ,6joEzRLMbBupLqV2MHQO6A
Moar Ghosts n Stuff,6bOX1MFfYqjsa6GdxqdAo3,6joEzRLMbBupLqV2MHQO6A
Ghosts 'n' Stuff (feat. Rob Swire),3dDmkbYfVPpFY9PLCZQxAT,6joEzRLMbBupLqV2MHQO6A
Hi Friend!,4i3eQxAUbQDzLZxWxlcpaL,6joEzRLMbBupLqV2MHQO6A
Bot,5t0KekfGtY92eoYb21jrkI,6joEzRLMbBupLqV2MHQO6A
Word Problems,6dd1te2C9SzZtANUSvKhuN,6joEzRLMbBupLqV2MHQO6A
Soma,3TcH1ayild1Puk4XsnrJiz,6joEzRLMbBupLqV2MHQO6A
Lack Of A Better Name,6jfrT0w2ft4ejHbcFyFyrD,6joEzRLMbBupLqV2MHQO6A
The 16th Hour,1J96gJMAcqtexFP4qna0mK,6joEzRLMbBupLqV2MHQO6A
Strobe,58wDfZrOByUJpigigbi34A,6joEzRLMbBupLqV2MHQO6A
FML,2Y4uPL2f4RwkJHvbIvcAgX,3eNZDL2rqTVvmiC1f0yFwF
Moar Ghosts 'n' Stuff,2lXzgU19U9cSZLJtawjob6,3eNZDL2rqTVvmiC1f0yFwF
Ghosts 'n' Stuff,3ezkJgagRPZ39KCTrKcSI7,3eNZDL2rqTVvmiC1f0yFwF
Hi Friend!,0PXbvWyX7FMhWHD4JvBKOq,3eNZDL2rqTVvmiC1f0yFwF
Bot,1WCkOh8DBTi0ktesVuqcKC,3eNZDL2rqTVvmiC1f0yFwF
Word Problems,5JOWZavEaoKPARudzH4ugN,3eNZDL2rqTVvmiC1f0yFwF
Soma,7E4UUaxBMEzP83V65PSI0r,3eNZDL2rqTVvmiC1f0yFwF
Lack of a Better Name,0oNuPoybYbI8XoawreOAZ8,3eNZDL2rqTVvmiC1f0yFwF
The 16th Hour,29xGrKgIngqPwIToqmdbQl,3eNZDL2rqTVvmiC1f0yFwF
Strobe,31NiyZrUd1r4icY7xkvnWv,3eNZDL2rqTVvmiC1f0yFwF
imaginary friends (ov) - Morgan Page Remix,135PhRbhxy0dROwZ5AyGhM,4sfJkir9qAPD7UqzG3z3uV
luxuria (ov) - Tinlicker Remix,5ufaAwg46yyNGdgkDz987H,4sfJkir9qAPD7UqzG3z3uV
coelacanth (ov) - Gregory Reveret Remix,1gunXVRX16gyDrUBBttwHI,4sfJkir9qAPD7UqzG3z3uV
acedia (ov) - Rinzen Remix,19GGgU1bwsgH8bVezH3qDS,4sfJkir9qAPD7UqzG3z3uV
avaritia (ov) - Seismal D Remix,6hGOoQp050JnrK0XkMhWrj,4sfJkir9qAPD7UqzG3z3uV
monophobia (ov) - Sian Remix,5BzoyptIHnxZ6usqzJZI5g,4sfJkir9qAPD7UqzG3z3uV
gula (ov) - Pig&Dan Remix,1vO4RYFcl85oihu00zVsEK,4sfJkir9qAPD7UqzG3z3uV
invidia (ov) - No Mana Remix,1VFQdTpGdU2aN6nN7zm0HU,4sfJkir9qAPD7UqzG3z3uV
unjaded (ov) - Mad Zach Remix,1PBsATfeK4dFhnFnhcsf8Z,4sfJkir9qAPD7UqzG3z3uV
ira (ov) - Gallya Remix,7AhnEuPzLOdPyLrHVaFHn7,4sfJkir9qAPD7UqzG3z3uV
fn pig (ov) - Spencer Brown Remix,19DcjoKl2YWtrJaME3BxTJ,4sfJkir9qAPD7UqzG3z3uV
hr 8938 cephei (ov) - Mr. Bill Remix,3F03DZ1GidlpHrWe9UCKdZ,4sfJkir9qAPD7UqzG3z3uV
superbia (ov) - Matt Lange Remix,7BLU6II2pyB1c1r2jEjWk9,4sfJkir9qAPD7UqzG3z3uV
caritas (ov) - Dom Kane Remix,6VVCzeSonxurcUsl7SXSyS,4sfJkir9qAPD7UqzG3z3uV
strobe (ov) - PEEKABOO Remix,29ikoHxJWQLOiqXQ9ui1MI,4sfJkir9qAPD7UqzG3z3uV
Monophobia,2nLgWMdYPO35GGpwX2xo23,1DH1jrRHjCyAEDwTmHmMZe
All Is Lost,5cxKaqhE6tXXrXe5R6lF38,1DH1jrRHjCyAEDwTmHmMZe
Something Like,5Ivk074BYY9DeLBwdKKdjd,1DH1jrRHjCyAEDwTmHmMZe
Monophobia - Rinzen Remix,1mwpOZ0S2lcBzCiiyWdgEs,1DH1jrRHjCyAEDwTmHmMZe
Monophobia - Latroit Extended Remix,5L2WAdyDb87tmt5yM7Sd5v,1DH1jrRHjCyAEDwTmHmMZe
Monophobia - ATTLAS Remix,4k5zckxagCQr8aPmHnPVyn,1DH1jrRHjCyAEDwTmHmMZe
Nyquist,2vPlEZrLXYhZkMzEFyfroi,1DH1jrRHjCyAEDwTmHmMZe
Monophobia - Extended Mix,4WkLyrueqyBQRAifCV0Ind,1DH1jrRHjCyAEDwTmHmMZe
Drama Free,05OUNj7yQ6TBTQ4YZib8zv,1tTr7VbxsX7ZqGpPCx2Br4
Drama Free - Chris Lorenzo Remix,1nNHyFaopXQu4gPazu3J2r,1tTr7VbxsX7ZqGpPCx2Br4
10.8,3NTjsNfsZ7Rdy0yIIbYIEE,1tTr7VbxsX7ZqGpPCx2Br4
GG,111zgSTqpYuYcc72gpwr2y,1tTr7VbxsX7ZqGpPCx2Br4
GG - Gallya Remix,2222BIBXuVDMp7qBZ2i1H3,1tTr7VbxsX7ZqGpPCx2Br4
GG - Monstergetdown Remix,0DIBErFRq4arZ27GeLnpmQ,1tTr7VbxsX7ZqGpPCx2Br4
Sunlight,7zTjMleye2x3lJx2fKoJrV,1tTr7VbxsX7ZqGpPCx2Br4
Boui,1UtnTrr090vbiVeGdXVONo,1tTr7VbxsX7ZqGpPCx2Br4
Polyphobia,5eXAwRzk8mBnLilhGLVLOF,4GeNdEYBTmiJ1BDhd9fazL
Glivch,2JR05XLWCeqJRiNktJOlUR,4GeNdEYBTmiJ1BDhd9fazL
Are You Not Afraid,5W5K3zpDX9yhhGOc0Hvvl4,4GeNdEYBTmiJ1BDhd9fazL
Are You Not Afraid - J. Worra F No Remix,2ZvW0yOrdHycJWal3ERDFT,4GeNdEYBTmiJ1BDhd9fazL
Are You Not Afraid - C.O.Z Remix,2yxh3AWdETRse742Efnylx,4GeNdEYBTmiJ1BDhd9fazL
Hurricane,0nGcdu3eovBrfZ01npAxZg,4GeNdEYBTmiJ1BDhd9fazL
Hurricane - Mark Mackenzie Remix,4T4GPDaUxMZuusjpHHFAnb,4GeNdEYBTmiJ1BDhd9fazL
Hurricane - OFFAIAH Remix,614KsI5FxdrjMZUUNTBjLs,4GeNdEYBTmiJ1BDhd9fazL
Quests with Time Limits,03xoXJTPcTSNgFcbmePCO9,4GeNdEYBTmiJ1BDhd9fazL
Over,4nILP8YPZYeCIQTSyYqVJ4,4GeNdEYBTmiJ1BDhd9fazL
somb,5geEoU8IbjswskpftvbOl2,3kAKiw0kRCuSXsTBWbBc9X
cabin,7yKMGeJM3EjNrS6QXnY6xP,3kAKiw0kRCuSXsTBWbBc9X
chill,2yX8nS9n0uZ70OrnUYpkyW,3kAKiw0kRCuSXsTBWbBc9X
sniper,1NuJFMMzqwZ1lRxjI7o0Ws,3kAKiw0kRCuSXsTBWbBc9X
torture,1wG1ArVuLF213nC5tkNLee,3kAKiw0kRCuSXsTBWbBc9X
midas heel,3iX4gxfTGH6XQ5Y0Wl12MQ,3kAKiw0kRCuSXsTBWbBc9X
drugs,0X55ObyUBOxG3lgYOsaG2P,3kAKiw0kRCuSXsTBWbBc9X
wilhelm,1i7R2nENJySeUOTQTBpGlv,3kAKiw0kRCuSXsTBWbBc9X
main,4wUA7jxVk25M0wyGEYG0oW,3kAKiw0kRCuSXsTBWbBc9X
nosedive,5rtXelI2ZRBCpTGgstkGY2,3kAKiw0kRCuSXsTBWbBc9X
camilla,0NHfrrB1i1BE19q3X6ayB9,3kAKiw0kRCuSXsTBWbBc9X
end,3wYSViGgjRUK38Dqh83Y5p,3kAKiw0kRCuSXsTBWbBc9X
drama free,2DOu1SALRUrrNVnZmth8UL,3kAKiw0kRCuSXsTBWbBc9X
"Sometimes Things Get, Whatever",3wDhTopU0VOhT2WOjxXiiJ,64SsM8JQXemXaXvHOmRTJe
Complications,6J48uY18ddqbRdtfguF6aN,64SsM8JQXemXaXvHOmRTJe
Slip,0rdp0PuJUfn7AMJiLUWXix,64SsM8JQXemXaXvHOmRTJe
Some Kind of Blue,2xztef2lvVbtKYQw1dZ1fG,64SsM8JQXemXaXvHOmRTJe
Brazil - 2nd Edit,404XVYvPeOS4KiQRUervnH,64SsM8JQXemXaXvHOmRTJe
Alone with You,6QIAa4r88DstSm7HFoZCn5,64SsM8JQXemXaXvHOmRTJe
I Remember,796D36lWeLRHSP95uEyfBh,64SsM8JQXemXaXvHOmRTJe
Not Exactly,0rWEkMZhwIyjdvo1PosBmv,64SsM8JQXemXaXvHOmRTJe
Arguru,3q9yeq1wbosxBpYY7Dtxwa,64SsM8JQXemXaXvHOmRTJe
So There I Was,0FhMTf89gOBbFboNHmkXAH,64SsM8JQXemXaXvHOmRTJe
"Sometimes Things Get, Whatever",2gF70vLz9tbG1mCNvBi7Tr,1vN0ln5O00vAWe5FEmUUst
Complications,3BYD7cxBOe4DRZ5WJD9ic7,1vN0ln5O00vAWe5FEmUUst
Slip,2pTUcwRWfvRtU7pODqCsvK,1vN0ln5O00vAWe5FEmUUst
Some Kind of Blue,0sCvaaDl050bZZ4guEhvWX,1vN0ln5O00vAWe5FEmUUst
Brazil - 2nd Edit,0BtZvJ0E3xeixsu2bM3fkX,1vN0ln5O00vAWe5FEmUUst
Alone With You,3iahKmFQqrOYY8irZ7tH3Q,1vN0ln5O00vAWe5FEmUUst
I Remember - Vocal Mix,24oJ33zUPIfFXVfc39g7E6,1vN0ln5O00vAWe5FEmUUst
Faxing Berlin,7li2kt1AUccZXYu6eEYcXw,1vN0ln5O00vAWe5FEmUUst
Not Exactly,0lTozVfAixDX4RV9ThcdOd,1vN0ln5O00vAWe5FEmUUst
So There I Was,3BcwWoWWQh18m6VkS2dDvN,1vN0ln5O00vAWe5FEmUUst
1981 - Original Mix,64f0ZEEjomi5ASN6EBEknB,3vGRamVI58koddmLcfX6mn
Bounce - Original Mix,4itWMYVZbz0iOjinjQyFCw,3vGRamVI58koddmLcfX6mn
Dr. Funkenstein - Original Mix,53bfc8dQTun8js73lq2X2o,3vGRamVI58koddmLcfX6mn
Fustercluck - Original Mix,2bgHJ7px0RRYzP6pWkD4Kg,3vGRamVI58koddmLcfX6mn
Lai - Original Mix,4KxUFGc6OEOgqextOc6ntq,3vGRamVI58koddmLcfX6mn
Orca - Original Mix,0kFFOxDfciLUvja22Vfkwn,3vGRamVI58koddmLcfX6mn
Plus - Original Mix,5ufgN3GDL4jiea5qmeVX72,3vGRamVI58koddmLcfX6mn
Apply Overnight - Original Mix,7CfQZ7dksyzWrfKRVJ2qka,3vGRamVI58koddmLcfX6mn
TL7 - Original Mix,5wNR8zgSqMwJUtMEbyhd61,3vGRamVI58koddmLcfX6mn
Trepid - Original Mix,56oBq8ZZHWe9fMo9OwrtXb,3vGRamVI58koddmLcfX6mn
4ware,1ROBixGgXrYlcCcrBfxAoy,1m1V83RrHAsSfmmM8aKy0x
2448,4mM9KHvLoA3hkxznu9DOyI,1m1V83RrHAsSfmmM8aKy0x
Cat Thruster,3Y5ixjN9T004oqFISs4okQ,1m1V83RrHAsSfmmM8aKy0x
Deus Ex Machina,4Uo8BWsiAGbxBdA5ysleKY,1m1V83RrHAsSfmmM8aKy0x
Glish,6mBP1Yoeh1Zz7RO2DB51MA,1m1V83RrHAsSfmmM8aKy0x
Imaginary Friends,0WzpqM6GqbVm6zQ2qeqDEW,1m1V83RrHAsSfmmM8aKy0x
Let Go,5gCGQlfEofp2Zxz5ZjJAa9,1m1V83RrHAsSfmmM8aKy0x
No Problem,4hP5iSMPYX5yqa2PjMVmVf,1m1V83RrHAsSfmmM8aKy0x
Snowcone,1N31Wy2PWz5HvCzMbff3mO,1m1V83RrHAsSfmmM8aKy0x
Three Pound Chicken Wing,4V5LPHyAOcUERXXD2NngT5,1m1V83RrHAsSfmmM8aKy0x
Whelk Then,3C2EoVLfPVajaocjUBlooV,1m1V83RrHAsSfmmM8aKy0x
Let Go - Extended Edit,6sxDe87etUDtY31ahvkKHJ,1m1V83RrHAsSfmmM8aKy0x
imaginary friends - ov,6vx0xD9tCnPhbOdC1s0cHM,4CJz7SiuYgxGPQSk4RMXBc
luxuria - ov,5SlAPJoNedio2CPGFdmpvL,4CJz7SiuYgxGPQSk4RMXBc
coelacanth - ov,2hdIKK4eU9AwEgA6mNjUXU,4CJz7SiuYgxGPQSk4RMXBc
acedia - ov,72PZLtES7gJOlymQn7H86V,4CJz7SiuYgxGPQSk4RMXBc
avaritia - ov,0ZNqAg01P4D9R3IMmG7CJc,4CJz7SiuYgxGPQSk4RMXBc
monophobia - ov,11PsvksHKqh7SOP7dS2hMp,4CJz7SiuYgxGPQSk4RMXBc
gula - ov,3SeFg0mihdr6iH8agPQahm,4CJz7SiuYgxGPQSk4RMXBc
invidia - ov,782N59lCovH7FkdZZNV0d7,4CJz7SiuYgxGPQSk4RMXBc
unjaded - ov,69Y4sn07xHJMoND80sHAAe,4CJz7SiuYgxGPQSk4RMXBc
ira - ov,0TJTmR7pTFgdZbWZhRZY2M,4CJz7SiuYgxGPQSk4RMXBc
fn pig - ov,4XlzjSmCgEk5HdZ0OPJetk,4CJz7SiuYgxGPQSk4RMXBc
hr 8938 cephei - ov,2s1f3dl0hCdCCgriQDZKry,4CJz7SiuYgxGPQSk4RMXBc
superbia - ov,49qDlFApY9m5d1Zcbrl2O3,4CJz7SiuYgxGPQSk4RMXBc
caritas - ov,0sbIMtV6UXjDIrgJ1nxZcj,4CJz7SiuYgxGPQSk4RMXBc
strobe - ov,7rHLdW9JCTxj7yIFafHqRo,4CJz7SiuYgxGPQSk4RMXBc
Avaritia,2KNsflubHgQQJJ1KEGvFNv,7iDqcnIHjisPl2Yf4hsf8f
Coelacanth I,6XFXHgc3CD7nszHtvjr0yE,7iDqcnIHjisPl2Yf4hsf8f
Ice Age - deadmau5 Remix,12PIhL6KLVMGnX6SmlyOvb,7iDqcnIHjisPl2Yf4hsf8f
My Pet Coelacanth,4us2cGJbSau6MVxFPPDe7j,7iDqcnIHjisPl2Yf4hsf8f
Infra Turbo Pigcart Racer,7j53PiG5cA3UY4sdVE5yza,7iDqcnIHjisPl2Yf4hsf8f
Terrors In My Head,215n5gfuE3h6avJiXRH2OD,7iDqcnIHjisPl2Yf4hsf8f
Creep,0hHnpTWYRB9AC7bxhPAIag,7iDqcnIHjisPl2Yf4hsf8f
Somewhere Up Here,3ualuTwv9HDUZZ6tBFqxLK,7iDqcnIHjisPl2Yf4hsf8f
Phantoms Can't Hang,2EydF6Rt3KjWk6fDXsqihQ,7iDqcnIHjisPl2Yf4hsf8f
Gula,5UGae4LudLuP1lfXE6Xhkf,7iDqcnIHjisPl2Yf4hsf8f
Acedia,3gJPpmbWgNcbi7O1Q3wfyH,7iDqcnIHjisPl2Yf4hsf8f
Invidia,0b87ACuSd5BBWlDGXJOObD,7iDqcnIHjisPl2Yf4hsf8f
Errors In My Bread,3PvfXEleJqKIoIseJoncb6,7iDqcnIHjisPl2Yf4hsf8f
Survivalism - deadmau5 Remix,0D0Q1N0LQdXVczSOn3li9m,7iDqcnIHjisPl2Yf4hsf8f
Silent Picture,6YwZWFb4g9tWw0miyxCmLE,7iDqcnIHjisPl2Yf4hsf8f
Rlyehs Lament,1OhptSUDTg3ES6gi0zBS1m,7iDqcnIHjisPl2Yf4hsf8f
Superbia,1uJAbxtkwfTkpEQcuFV2AY,7iDqcnIHjisPl2Yf4hsf8f
Mercedes,6cz32tKqP3YxLQLcOAyAsQ,7iDqcnIHjisPl2Yf4hsf8f
Bleed,5L5VSFuMw19b9AMXMfSn8l,7iDqcnIHjisPl2Yf4hsf8f
Ira,5hgJ3194iy7Gx2hbG1bDzf,7iDqcnIHjisPl2Yf4hsf8f
Monday,1S1wiIdLVjgcptcGWEPuC8,7iDqcnIHjisPl2Yf4hsf8f
A Moment To Myself,645rOk1jVplb5i2vVHWxxx,7iDqcnIHjisPl2Yf4hsf8f
Pets,1orqppWOgid8LIp3X2dUIg,7iDqcnIHjisPl2Yf4hsf8f
Coelacanth II,0N4b8aTriH2Js2ONe0vj93,7iDqcnIHjisPl2Yf4hsf8f
Seeya,7fI68tGykUE5DosLnVASDA,7iDqcnIHjisPl2Yf4hsf8f
